wavelength (nm),reflect
350,0.04817633225894863
351,0.04815573610615789
352,0.048311289229318634
353,0.04840591932033688
354,0.04825765936780103
355,0.04814593172851184
356,0.04824324324720049
357,0.04813427868134991
358,0.0480922805920636
359,0.0481238517193972
360,0.04813507764537791
361,0.04814076524796602
362,0.04818489161472012
363,0.04823757913397185
364,0.04821641300790285
365,0.048148201582570146
366,0.0481653481441551
367,0.048264867935259415
368,0.048185282763482995
369,0.048230812264714956
370,0.04844018461571424
371,0.04868360496527422
372,0.04849034174915796
373,0.048508083563720376
374,0.04872040066580923
375,0.04868907835717227
376,0.04854756168283673
377,0.048662561883244006
378,0.04900952816973899
379,0.04900975242650656
380,0.049098827096200566
381,0.04924058016519867
382,0.04934744559374731
383,0.04954413515090299
384,0.049669394128921886
385,0.049708071690012866
386,0.04974271589343522
387,0.04992735077580178
388,0.05003788083162186
389,0.05004422572393367
390,0.050124759695744765
391,0.05036683569050214
392,0.05063508740005961
393,0.05087126827319934
394,0.051279132147942594
395,0.051662857016108614
396,0.05207573402721956
397,0.0525623622883443
398,0.05276673732630017
399,0.053051020471540505
400,0.053394316891285716
401,0.05354668500967329
402,0.053731592486622175
403,0.05387932131971513
404,0.053962967770585284
405,0.054086502963317115
406,0.054158419436695276
407,0.05420257429227412
408,0.05425159512158545
409,0.054236179316652214
410,0.05414894689068709
411,0.054023176063968836
412,0.05391364361378652
413,0.05382264280026475
414,0.053718838060949806
415,0.05358363306754984
416,0.053424684644441174
417,0.05324867806932977
418,0.05309680676567472
419,0.05299501348530231
420,0.05288199354860772
421,0.052800660412381295
422,0.0527408941781178
423,0.052661280006558495
424,0.052592667934330865
425,0.05256341554631439
426,0.05256432009426547
427,0.052525827018620984
428,0.05253457850918831
429,0.0525547855365622
430,0.05254221264971227
431,0.0525743781215011
432,0.052596276428919245
433,0.05261196161670111
434,0.05265663543593298
435,0.05265793186007711
436,0.05267499017020795
437,0.05274215613116734
438,0.05283607610396858
439,0.052907750118601285
440,0.05295189093292567
441,0.05298404357952169
442,0.05303037616543611
443,0.05311455588181708
444,0.053211270181394044
445,0.05326918888670648
446,0.05335568313362303
447,0.053459101510303385
448,0.05356108407914581
449,0.05365314702873793
450,0.05374364583255621
451,0.053845102554546796
452,0.053965435311621214
453,0.05408642761372515
454,0.054208150936838874
455,0.05434288514937689
456,0.054506567170404564
457,0.05462260430921278
458,0.054740405681797395
459,0.054888841458692696
460,0.05499424942070109
461,0.055166210291024
462,0.055364958501065986
463,0.055506736000628436
464,0.05561813512814908
465,0.0557667493692097
466,0.05594999722762244
467,0.056089879715300835
468,0.0562570143223257
469,0.056427391037268626
470,0.056587246076762826
471,0.05680709299451013
472,0.057023166287949054
473,0.05724072604542771
474,0.05749175217822876
475,0.05775208351899208
476,0.058072412889857594
477,0.0584439586702533
478,0.058780670030025385
479,0.059172442198527866
480,0.0596005161551744
481,0.06003654228054443
482,0.060496817678856785
483,0.06100150886314444
484,0.06155586614667102
485,0.06214968004871183
486,0.06276081493024381
487,0.06341214635102072
488,0.06408726235573745
489,0.06470104491426759
490,0.06526901717816613
491,0.06584350598684718
492,0.0664662658766062
493,0.06708641823809702
494,0.06767582632989112
495,0.06823893378280864
496,0.06881137400814455
497,0.06938276375228522
498,0.06992746439032592
499,0.07044112484414859
500,0.07097614242702364
501,0.0715325427821977
502,0.07208619958722491
503,0.07260992499931333
504,0.07310347060928425
505,0.07361369088085556
506,0.07415833716486492
507,0.07471594605113516
508,0.07530811591062533
509,0.07594377934374287
510,0.07661682992943282
511,0.07729286173810727
512,0.07802532812025546
513,0.07881688395927852
514,0.07963647123522799
515,0.08047160758416715
516,0.08132150577997381
517,0.08218168341460343
518,0.08303964762506665
519,0.08388071875269752
520,0.08468249412064095
521,0.0854418501847568
522,0.08616541525956448
523,0.08689678262019353
524,0.08760252847969596
525,0.08820536620910077
526,0.0888155715764536
527,0.08936210145590534
528,0.08979606202188538
529,0.09018742479370773
530,0.09045354018244578
531,0.09064006052082155
532,0.09081369647646641
533,0.09090693699155626
534,0.09093272714205991
535,0.09090234355670693
536,0.09082107183837326
537,0.09068200651801243
538,0.09050587544014352
539,0.09030615377152115
540,0.09005655793346214
541,0.08979434191077643
542,0.08951334672485199
543,0.08918877382494719
544,0.08883683924659716
545,0.08850463667962175
546,0.0881982003095057
547,0.0878596798984469
548,0.08753936053308202
549,0.0872130838357884
550,0.08685072994343654
551,0.08648455125232121
552,0.08613345923867578
553,0.08578706595409631
554,0.08541626422536307
555,0.0850621379300907
556,0.08468776037280416
557,0.08428162290197298
558,0.0839371888899844
559,0.08354777248480798
560,0.08311806785660705
561,0.08269555011140653
562,0.08226550315651925
563,0.08184503084325026
564,0.08143437154616423
565,0.08101841353285799
566,0.08062138115926128
567,0.08023665258060546
568,0.07986234152961925
569,0.07952700998819583
570,0.0792272468924734
571,0.07895825715428616
572,0.07871647370593257
573,0.07847650953788152
574,0.07830482655303192
575,0.07820877817445701
576,0.07808145814137753
577,0.07799592708937547
578,0.07793589233035736
579,0.07786440402639264
580,0.07779526280883665
581,0.07774118157276994
582,0.07768918510456942
583,0.07760726931876814
584,0.07755059156830996
585,0.07749640373040674
586,0.07741541246486464
587,0.07729773174035874
588,0.07717590044747284
589,0.07703984750582533
590,0.0768607764567875
591,0.07665085990195272
592,0.07644712498069976
593,0.07625011058354486
594,0.07601923139913686
595,0.07576895338093699
596,0.07551269609090192
597,0.07525837729867713
598,0.07499091736652064
599,0.07470701379819111
600,0.07442285734290431
601,0.07416283087656193
602,0.07386283761105454
603,0.07356942301897804
604,0.07330383686670032
605,0.07299936496552284
606,0.07275308798241283
607,0.07254738754496404
608,0.07234131723827752
609,0.07217660068206001
610,0.07204653731381466
611,0.07194192773515987
612,0.0718538034616788
613,0.071793479281754
614,0.0717647568388296
615,0.07177132029202447
616,0.07182462321057097
617,0.07187030212791945
618,0.07193993172433581
619,0.07208380193893532
620,0.07218714622630125
621,0.07234014059633612
622,0.07255664492745316
623,0.0727336356648806
624,0.07291702096271725
625,0.07312524302750835
626,0.07334830767244713
627,0.07349622473283664
628,0.07366197531729446
629,0.07386872062106718
630,0.07408521912305427
631,0.07427932938331482
632,0.07444107866965557
633,0.07458328947203353
634,0.07474791160546831
635,0.07488495382947177
636,0.07499962665077489
637,0.07511305316501926
638,0.07524129817256221
639,0.07534146608246928
640,0.07541123629791055
641,0.07548294621366834
642,0.07556549683154705
643,0.07564891513183654
644,0.07572609252558779
645,0.07580467972084151
646,0.07587629570502816
647,0.07594689302263126
648,0.07602371322124188
649,0.0760891306311844
650,0.0761497770242016
651,0.07622781177172779
652,0.07635377436703317
653,0.07642628436453645
654,0.07648190803025434
655,0.07657492250248213
656,0.0767332650357582
657,0.07688845658667208
658,0.07704872478912252
659,0.07725070033631876
660,0.07745001893647475
661,0.07764845856949482
662,0.07786668405077987
663,0.07814671416048966
664,0.07847935504425192
665,0.0788411746163696
666,0.07921623648913426
667,0.07963280044940176
668,0.08010210328656775
669,0.08060534803906298
670,0.08111981264851513
671,0.08172672006145618
672,0.08242330634948292
673,0.08318805041598093
674,0.08399262866469186
675,0.08481728194178564
676,0.08572401271470316
677,0.08676037695068202
678,0.08786827862523276
679,0.08904613339585637
680,0.09028934845067951
681,0.091598156434336
682,0.09302990110781786
683,0.09456407951459354
684,0.09616352430667405
685,0.0978006096730496
686,0.09955631105417155
687,0.10149847865022138
688,0.10371252799589364
689,0.10613041746372315
690,0.1084996385167585
691,0.11081534995433305
692,0.1132373381530537
693,0.11578506038694687
694,0.11847083766373204
695,0.12132069391388113
696,0.12432257748381237
697,0.12739887518282475
698,0.1305349612428753
699,0.13378242877567764
700,0.13717413015194657
701,0.14067058947227895
702,0.14425551422562918
703,0.1479181514130578
704,0.15158671823913394
705,0.15529268460489784
706,0.15907649707573596
707,0.16292343358016576
708,0.166868096061747
709,0.1709099979324071
710,0.17507283092975143
711,0.17943046709228455
712,0.18393630129847635
713,0.18860385759112894
714,0.19343750572194846
715,0.1983335020531775
716,0.2032986437828802
717,0.2084204868612726
718,0.21376445990557005
719,0.21943237335230778
720,0.22534306631608478
721,0.23118503621274739
722,0.23675246077792994
723,0.24216395428148585
724,0.24772321742412726
725,0.2534540213162141
726,0.25918957772389234
727,0.2647614654719486
728,0.2702161185604451
729,0.2756651892727284
730,0.2810920200138198
731,0.28651946606190576
732,0.29197609461670043
733,0.29747642639129135
734,0.30294523355410036
735,0.30842850901960783
736,0.31398183389706386
737,0.3194680132440013
738,0.32482837671979564
739,0.3300596430525818
740,0.3352330393836191
741,0.34038717723992584
742,0.3455527508152806
743,0.35076034829897934
744,0.35604618337236676
745,0.3615013044311733
746,0.3671835651778827
747,0.3730916924210354
748,0.37921711102888245
749,0.3854921919607359
750,0.391876826038745
751,0.3983107263360558
752,0.40471213570740433
753,0.411028673319566
754,0.4172069030001319
755,0.4231871764679162
756,0.42893221745483184
757,0.4342449033197255
758,0.4389397828301374
759,0.44269668184160405
760,0.4462132477625827
761,0.45093931824778816
762,0.45728348247262557
763,0.46295860122744115
764,0.4676310236622561
765,0.4720586843522821
766,0.4759567341170169
767,0.4792448860634175
768,0.4822410379462986
769,0.48516644013674304
770,0.4879635342665621
771,0.4907107187125061
772,0.49332588611137335
773,0.49574075199315387
774,0.4980484513316115
775,0.5001782554681794
776,0.502174788598487
777,0.5041131666941311
778,0.5059390029715375
779,0.507654348890737
780,0.5092303953799887
781,0.5106273894912858
782,0.51202006878315
783,0.5133278430247681
784,0.5145144891684534
785,0.5156731391815695
786,0.5167258194473622
787,0.5176836539342812
788,0.5185842013696799
789,0.5194676953958497
790,0.5202422819317368
791,0.5209419242936877
792,0.5216363917345463
793,0.522254060768267
794,0.522806599655718
795,0.5233100059195269
796,0.5237825732897193
797,0.5242510143315018
798,0.5246501215420608
799,0.5249772992949553
800,0.5253227406888921
801,0.5256325170449182
802,0.5258924591907782
803,0.5261178073068098
804,0.5263775457630477
805,0.526566085901895
806,0.5267396696405737
807,0.5269601296327651
808,0.5270757207789519
809,0.5272079612342639
810,0.5273423847627032
811,0.5274018736655707
812,0.5274825201407475
813,0.5275787992976518
814,0.5276616767640653
815,0.5276903225478194
816,0.5277027007641618
817,0.5277307437362473
818,0.5277839691520543
819,0.5278377518602462
820,0.5279153038570107
821,0.5279968991549024
822,0.5280612684987823
823,0.5281016619344586
824,0.5281822228343852
825,0.5282844948316725
826,0.528358619358913
827,0.5283571605768284
828,0.5284049578295279
829,0.5284554794984653
830,0.5284154633438133
831,0.528515909380918
832,0.5286019167570248
833,0.5286581845512307
834,0.5287821414296408
835,0.5288285630219072
836,0.5288526773855318
837,0.5288990063093267
838,0.5289681859143278
839,0.5290597221893675
840,0.529121570827891
841,0.529155446247645
842,0.5292682203877812
843,0.5294023305976414
844,0.5294892871518727
845,0.5294994293137256
846,0.5294957023743714
847,0.5296146372134151
848,0.5297894809735807
849,0.529904866838846
850,0.5299721514586514
851,0.5300854513008552
852,0.5302167806085253
853,0.5303054621029853
854,0.5304931215307898
855,0.5306230939481799
856,0.5306700061717043
857,0.5307181172577538
858,0.5308659409936006
859,0.5309885525672996
860,0.5310464649291078
861,0.5311039487595054
862,0.5313607492700003
863,0.5315651381649549
864,0.5316319746268208
865,0.5317423932833082
866,0.5319039772561956
867,0.5320696861220311
868,0.5322392391646623
869,0.5324934096610197
870,0.5326437243715308
871,0.5327347724926284
872,0.5328283674179474
873,0.532915676702673
874,0.5331344034850807
875,0.5333532577585433
876,0.5334718367200336
877,0.5336383624979879
878,0.5338386230586966
879,0.5339341084752786
880,0.533906237575157
881,0.5342029677527571
882,0.5344765523303817
883,0.5346941908991555
884,0.5348935060318863
885,0.5349166666178665
886,0.5351762496263989
887,0.5354987126145679
888,0.5355841983990285
889,0.5357487259931147
890,0.5359119686363923
891,0.5360307555610913
892,0.5361198496150793
893,0.5363655323947356
894,0.5364982719980637
895,0.5365510082557616
896,0.5367247341372344
897,0.5369878854728477
898,0.537215109282884
899,0.5373950815265474
900,0.5375669160236561
901,0.5374973981634189
902,0.5377213642776245
903,0.5381195781866047
904,0.5382168744470831
905,0.5383316875373034
906,0.5385331993256083
907,0.5387682429085222
908,0.5389176131364989
909,0.5389698431025431
910,0.5391401523625486
911,0.539412215000308
912,0.5395945062443013
913,0.5397074067583312
914,0.5399949962716442
915,0.5403538062926657
916,0.5404926228120561
917,0.5407890151058948
918,0.5410861962620751
919,0.5413360641318983
920,0.5415959749184217
921,0.5418369458595381
922,0.5420805921948774
923,0.5422933774195202
924,0.5424234012703768
925,0.5425610183599764
926,0.542796210981878
927,0.5430500408673864
928,0.543148566159129
929,0.5431783799955011
930,0.5432132890487522
931,0.543325922412721
932,0.5435732028134308
933,0.5439798994483345
934,0.544083442419741
935,0.5441332573324196
936,0.5446688835844765
937,0.5447025180304035
938,0.5450509352349485
939,0.5456331937262934
940,0.5460064083653638
941,0.5464401925656406
942,0.546536978718797
943,0.5466585112515632
944,0.5471985144334708
945,0.5473307072847013
946,0.5474138847573705
947,0.5477394747576757
948,0.5483502723930618
949,0.5487074074237189
950,0.5487721242561557
951,0.548873802047543
952,0.5492198260042471
953,0.5493992498841559
954,0.549439524934207
955,0.5496762758854494
956,0.5501892817946467
957,0.550409814607434
958,0.5504939449127477
959,0.5508058405229901
960,0.5513161619952801
961,0.5513915818882152
962,0.5514656269931743
963,0.5517526005720933
964,0.5521076329486763
965,0.5521310656106148
966,0.5525542330358746
967,0.5530687562706226
968,0.5531777470579675
969,0.5526585797992323
970,0.5532669526581292
971,0.553450074912974
972,0.5531416226339829
973,0.5533372084164355
974,0.5537420224629466
975,0.5540536358142635
976,0.5542556675717208
977,0.5544717370684756
978,0.554699396570554
979,0.5546945324349337
980,0.5545969657979594
981,0.5545249721583128
982,0.554167965959519
983,0.5541707206495173
984,0.5544057425304105
985,0.5545720724408003
986,0.5544957808247587
987,0.554408003720117
988,0.5541172831002434
989,0.5537807004966918
990,0.5538769886592715
991,0.553652292769096
992,0.5534084442372814
993,0.5531178362990116
994,0.5526571184812635
995,0.5531635467487271
996,0.5532752297917705
997,0.5530939986914839
998,0.553260447816522
999,0.5534909985336013
1000,0.5528078301805451
1001,0.5554073812737894
1002,0.555324974313942
1003,0.5551917225567545
1004,0.5551283926402955
1005,0.5547169067790992
1006,0.5544122613019716
1007,0.5543285476675006
1008,0.553828633642113
1009,0.5534808797850077
1010,0.5532012282312069
1011,0.5529816295113328
1012,0.5526652982232338
1013,0.552755143302878
1014,0.5525402155513686
1015,0.5520435131373077
1016,0.551366502863182
1017,0.5506436862092565
1018,0.5506521559253977
1019,0.5508750671387336
1020,0.5505082372736083
1021,0.5503893430517195
1022,0.5503406723562544
1023,0.5502247283397509
1024,0.549865199730821
1025,0.549700844067896
1026,0.5492983219339498
1027,0.5484186107669644
1028,0.5476543712251102
1029,0.547446409980944
1030,0.5471298175523404
1031,0.5465782575194863
1032,0.5462762754593269
1033,0.5457858830040174
1034,0.5452488561021904
1035,0.5450074522904638
1036,0.5450914620000259
1037,0.5450690929767504
1038,0.5450162849905431
1039,0.544832100938708
1040,0.5443158567373931
1041,0.5437202539655752
1042,0.5431258042759817
1043,0.5426122559324379
1044,0.5421590685685735
1045,0.5419295010229254
1046,0.5413680956317556
1047,0.5407772074269429
1048,0.5400538865873902
1049,0.53985928635071
1050,0.5395348523835926
1051,0.5388372024395391
1052,0.5383279882267901
1053,0.5379598071487279
1054,0.5372541934935006
1055,0.5369076317765202
1056,0.5367788058855847
1057,0.5359923607631444
1058,0.5352275988986699
1059,0.5346577037134761
1060,0.5340520485948561
1061,0.5335443383386548
1062,0.5330227016930065
1063,0.5324516085720198
1064,0.5320028328686146
1065,0.5314677254851831
1066,0.531122643287381
1067,0.5306310200088785
1068,0.5297046182300044
1069,0.5290480664507818
1070,0.52827286142768
1071,0.5276397984080066
1072,0.5271668038996912
1073,0.5264759972110946
1074,0.525631546076031
1075,0.524912564358289
1076,0.524133559731812
1077,0.5234162455455609
1078,0.5227998288726619
1079,0.5219547682651002
1080,0.52092127287417
1081,0.5197281106508862
1082,0.5185994272094915
1083,0.51767956154657
1084,0.5167672940273188
1085,0.5158414181619262
1086,0.5149975813620651
1087,0.5142449563527599
1088,0.5132929577902178
1089,0.5124157797857749
1090,0.5113889500088992
1091,0.5101200940100606
1092,0.5088088158037801
1093,0.5076496075842074
1094,0.5063928304287593
1095,0.5053653226388165
1096,0.5044164863799264
1097,0.5035664804825869
1098,0.5026955017395701
1099,0.5015642526093448
1100,0.5002253290659135
1101,0.4989869010318553
1102,0.4974411132895888
1103,0.4962562053956488
1104,0.495400945258717
1105,0.4942799681446838
1106,0.4932509266825131
1107,0.49212093840584065
1108,0.49059807286296603
1109,0.4891395314004591
1110,0.4875793922665132
1111,0.4861096072766059
1112,0.48469890095032686
1113,0.48335960790358845
1114,0.4818960271880146
1115,0.48029945883647873
1116,0.47863100608418213
1117,0.47680254659176147
1118,0.47512180018953737
1119,0.47343373070857214
1120,0.47205171042524857
1121,0.4709519813780299
1122,0.46913576481266167
1123,0.4669706739651452
1124,0.46477115416286185
1125,0.4628045271083124
1126,0.46095733475843975
1127,0.4591781185990176
1128,0.45790570085102095
1129,0.45628109550854057
1130,0.4545672301656889
1131,0.45278297085591845
1132,0.4511260882286518
1133,0.44937611097678376
1134,0.4475814018896194
1135,0.4457322854135295
1136,0.4436891223966526
1137,0.4415526376134416
1138,0.4396253394381787
1139,0.43774460465963494
1140,0.4362214432502894
1141,0.4353442913060401
1142,0.43359956762848373
1143,0.4314140765814083
1144,0.4293594039227003
1145,0.4267863117833856
1146,0.424396178128249
1147,0.42229631981392474
1148,0.42005191465311115
1149,0.4179734870574289
1150,0.4156264547168818
1151,0.41354509835253755
1152,0.4120090150140825
1153,0.4100128758507903
1154,0.4080756684395963
1155,0.4060688746432485
1156,0.4039549143036205
1157,0.40185751072359155
1158,0.3998528145997188
1159,0.39773388911580443
1160,0.3954813029195727
1161,0.3932913322383679
1162,0.39104324256359735
1163,0.38883539987423993
1164,0.3866190389789859
1165,0.3843304881602641
1166,0.38208196014599166
1167,0.38000796280095245
1168,0.37784821798554885
1169,0.37565934725756966
1170,0.3735176157450706
1171,0.37135488762672925
1172,0.3691068506003748
1173,0.3667969043276869
1174,0.3645408546449468
1175,0.3622736869646567
1176,0.3598827979421838
1177,0.3573217699312075
1178,0.35495595427330934
1179,0.3525348149555821
1180,0.3501370077333285
1181,0.3479301424042635
1182,0.34571401902647425
1183,0.3434047957987016
1184,0.34102452803638983
1185,0.3386596896639568
1186,0.33625025570402944
1187,0.3339746909546026
1188,0.3317596960321399
1189,0.3295370274483359
1190,0.32737233924443804
1191,0.32534141980411035
1192,0.323327122473487
1193,0.32137404124597724
1194,0.31961912360543193
1195,0.31774271007063964
1196,0.31578164842271916
1197,0.31379109906950897
1198,0.3118276047144478
1199,0.30976384093445203
1200,0.3079011535923411
1201,0.3061718115062575
1202,0.304327670576625
1203,0.30259141364646613
1204,0.3007526794778408
1205,0.298828935737044
1206,0.29693035583230226
1207,0.29502230601967133
1208,0.2931789029513221
1209,0.2913191743747406
1210,0.289540780116053
1211,0.2879396534242859
1212,0.28623787973548304
1213,0.28451502179174215
1214,0.2827480787450312
1215,0.28108981905926544
1216,0.27937786386452645
1217,0.2778158904606061
1218,0.2763983185454706
1219,0.274930501601073
1220,0.2735724811293839
1221,0.27203163592370927
1222,0.27033218448188273
1223,0.26878065091688524
1224,0.2672182915063033
1225,0.26563506247680685
1226,0.2641443013521629
1227,0.2626278546466905
1228,0.26105427741422504
1229,0.259460633260478
1230,0.2578651409915056
1231,0.25629371048276955
1232,0.2547422859335152
1233,0.2531454575045686
1234,0.2515861883813591
1235,0.2501015032566877
1236,0.2485457755802325
1237,0.24686387908580323
1238,0.24533539327207332
1239,0.24396776283448726
1240,0.24240080837893108
1241,0.24078328984132386
1242,0.2391767986586256
1243,0.23731350311487107
1244,0.23566802658925315
1245,0.23420674907753522
1246,0.232756589617961
1247,0.23122239965008543
1248,0.22973077219700255
1249,0.22816620230784426
1250,0.22643128574022317
1251,0.22490422095667614
1252,0.2234707962989354
1253,0.22198492029238748
1254,0.22053337901728948
1255,0.2190718861521128
1256,0.21753126510879794
1257,0.21605152004796085
1258,0.21466490730100474
1259,0.21316418690839023
1260,0.2115028094438622
1261,0.20995527421665525
1262,0.20828129906364215
1263,0.20681712523686255
1264,0.20541990006639382
1265,0.2042731522454265
1266,0.20285405556361374
1267,0.20152139074644024
1268,0.20002675090458508
1269,0.19841071585290673
1270,0.19688810787293196
1271,0.19537393583798268
1272,0.19401316379775232
1273,0.19288109231811065
1274,0.19159763490807788
1275,0.19032545380605212
1276,0.1890971188262325
1277,0.18770939296820838
1278,0.18648123471942826
1279,0.18530040842793333
1280,0.1843106903924637
1281,0.18332262786128073
1282,0.18222885078469672
1283,0.18114999091904901
1284,0.18006960795758722
1285,0.17898272608715307
1286,0.1778256549164377
1287,0.17679956863142435
1288,0.17581776889756756
1289,0.17486069158421186
1290,0.17391676509910411
1291,0.1730742991213353
1292,0.17232593786353617
1293,0.17152875548943056
1294,0.17082954362850586
1295,0.17005098609907202
1296,0.1691145247384632
1297,0.1683059823741813
1298,0.16762993469647097
1299,0.16676666220798622
1300,0.1660487066629614
1301,0.16530559173714363
1302,0.16468846147065055
1303,0.16413776260093776
1304,0.16362309627800348
1305,0.16324638861827856
1306,0.1627601471053934
1307,0.16227438532172042
1308,0.16167851756258295
1309,0.16100446771808635
1310,0.16037341680422232
1311,0.1595255721831082
1312,0.15898433250905802
1313,0.15866046618784563
1314,0.15827520217416996
1315,0.158122667159052
1316,0.15781501240601334
1317,0.15738193863318956
1318,0.15696391468408472
1319,0.15660350979518659
1320,0.1561853153156431
1321,0.15584619262754146
1322,0.15552956004701476
1323,0.15523892043671755
1324,0.15496775252096662
1325,0.15470038436703898
1326,0.1545001640303395
1327,0.15419288354417413
1328,0.15380585626759596
1329,0.1534683822699631
1330,0.15304379609638108
1331,0.15273219341948716
1332,0.15251182646121994
1333,0.1522992091200967
1334,0.15216835413737423
1335,0.15202229672570355
1336,0.15196015991394324
1337,0.15175113495261625
1338,0.1516152105230294
1339,0.15153924478835168
1340,0.15148602482899645
1341,0.15129176297642624
1342,0.15108469100305344
1343,0.15075487203602317
1344,0.15059344072735925
1345,0.15042156963330994
1346,0.15035329141841283
1347,0.15054825435634814
1348,0.15048355873662408
1349,0.15021910628306973
1350,0.15014645223540213
1351,0.15007746362431681
1352,0.14999935492534308
1353,0.150121380930615
1354,0.15038947734369185
1355,0.15088977596024056
1356,0.15150852800518302
1357,0.15363786661636974
1358,0.15513861351574726
1359,0.15412855924757726
1360,0.15219040632042857
1361,0.14998397432689312
1362,0.1548698714627069
1363,0.17391649391576422
1364,0.19447532255835265
1365,0.2097581943951971
1366,0.2145607642620024
1367,0.2202168259966129
1368,0.2226543141941174
1369,0.20951617048050175
1370,0.19273788375117584
1371,0.17772347816695597
1372,0.1505865562202033
1373,0.14522291687023892
1374,0.14940513995723184
1375,0.15182553521103065
1376,0.16217348429666273
1377,0.1640839292867259
1378,0.16258321055906538
1379,0.1593668014363167
1380,0.15661240480694738
1381,0.1514932672379426
1382,0.14781340732845305
1383,0.1471213955931409
1384,0.14793829943791648
1385,0.14776107278543582
1386,0.14700111217844253
1387,0.14707723069657191
1388,0.1450044024681881
1389,0.13845741184584895
1390,0.13904153449443926
1391,0.14270737478752357
1392,0.1435832482094719
1393,0.14716477002778158
1394,0.14744626743361272
1395,0.1443518957659879
1396,0.14281239347973063
1397,0.14077862751556008
1398,0.13976635969098142
1399,0.1389307282795893
1400,0.1387340962610599
1401,0.14012000432785227
1402,0.14025117917271768
1403,0.1399504134063047
1404,0.1399582717038884
1405,0.13944449810002696
1406,0.1380271720380652
1407,0.13728225019322202
1408,0.13795094420817844
1409,0.13818376970138604
1410,0.1380342872631262
1411,0.1388910269340357
1412,0.14009015786839873
1413,0.14081816926863355
1414,0.14221756366570174
1415,0.14262602374237188
1416,0.14228877389606787
1417,0.14237189696477737
1418,0.14236342683717668
1419,0.14244666478819706
1420,0.1427238397520681
1421,0.14274465574556414
1422,0.14252662717050096
1423,0.14262096088023865
1424,0.14288591438063084
1425,0.1429869522481356
1426,0.143084985120706
1427,0.14318037594201224
1428,0.14325934366757398
1429,0.14322876163481088
1430,0.14273885169711378
1431,0.14303218671545465
1432,0.14301819116213724
1433,0.14290653941840264
1434,0.1437023192550063
1435,0.14364263665358928
1436,0.1431610046720405
1437,0.14301199786835064
1438,0.14276129139948088
1439,0.14206446526892644
1440,0.14215398938701718
1441,0.14284166291343836
1442,0.14297922324638915
1443,0.14317965165654778
1444,0.14334586550951825
1445,0.14322636701595984
1446,0.1432291318728198
1447,0.14344477825118485
1448,0.14344087757195187
1449,0.14324677284491694
1450,0.14326332978532688
1451,0.1433156825951111
1452,0.14332611734508244
1453,0.14339356075630647
1454,0.1434195389558249
1455,0.14329700674973245
1456,0.14340695355637223
1457,0.14357157339609447
1458,0.14361101091924522
1459,0.1439153028901467
1460,0.1441771204099579
1461,0.14428847062260197
1462,0.14447012308057128
1463,0.14415940271303104
1464,0.14370684057312103
1465,0.14353805770275402
1466,0.14342369766350493
1467,0.14320259463539423
1468,0.14325235249423957
1469,0.1430848781546359
1470,0.14252757821011616
1471,0.14231394079929735
1472,0.14230872393084462
1473,0.142079705587098
1474,0.14182019112264854
1475,0.1417464397330735
1476,0.14166612843701662
1477,0.14166176019342192
1478,0.14201455069221186
1479,0.142016038882985
1480,0.14166341528309953
1481,0.1415856390133466
1482,0.14159900777031428
1483,0.1414602873776614
1484,0.14125666507223195
1485,0.14125522222090126
1486,0.14130214019621312
1487,0.14126312497920648
1488,0.14124666945745187
1489,0.14154057518524102
1490,0.14165159474269165
1491,0.14143401320205906
1492,0.14131850679884234
1493,0.1413452693136608
1494,0.14141755740466222
1495,0.14149493989398468
1496,0.1414429135160364
1497,0.14128960363524407
1498,0.14108025487284903
1499,0.1405538144751509
1500,0.14039162944611216
1501,0.1403559364872148
1502,0.14037229947271448
1503,0.1406275324475904
1504,0.14060615153660605
1505,0.1406077255791717
1506,0.14046878016964773
1507,0.1400032570233016
1508,0.13976805067680256
1509,0.13952751088019655
1510,0.13939351741665626
1511,0.13951081096241943
1512,0.13942333490553568
1513,0.13936250369536335
1514,0.13915769141593365
1515,0.1386246843650523
1516,0.13837523534965313
1517,0.13823556280497373
1518,0.13803110385542197
1519,0.1379126637761861
1520,0.13781456381348767
1521,0.13770059875554966
1522,0.13751672927794506
1523,0.13765274671431393
1524,0.1376806660234559
1525,0.13747193606581914
1526,0.13750758189995171
1527,0.1372067903083974
1528,0.13675094119458006
1529,0.1366329242975873
1530,0.1366010498134135
1531,0.13673327949042244
1532,0.13698138473925853
1533,0.13692538510056876
1534,0.13655410927697498
1535,0.136295503410111
1536,0.13578186454829885
1537,0.1355741118385883
1538,0.1355779633308449
1539,0.13549179137764744
1540,0.1354500323690507
1541,0.13542242039974214
1542,0.13532312684058176
1543,0.13534500160654386
1544,0.13550598445713216
1545,0.1355778999739287
1546,0.13570555200024592
1547,0.13572380904586184
1548,0.13565402715032426
1549,0.13558810835983678
1550,0.13553454758114028
1551,0.13542254365320944
1552,0.13512927994379642
1553,0.13504808310590127
1554,0.13498225597900398
1555,0.13500843210629082
1556,0.13534317860905204
1557,0.13546233557824686
1558,0.13548895331170016
1559,0.13550332846075866
1560,0.13540156516434548
1561,0.135364547440548
1562,0.1355188289757059
1563,0.13540362680669468
1564,0.13493913446277467
1565,0.13478009875916655
1566,0.13458149217947848
1567,0.13446725434710036
1568,0.13456539950404325
1569,0.13486499413096928
1570,0.13491064347602447
1571,0.13484560837651147
1572,0.13488760870463992
1573,0.13484012133141712
1574,0.13463314575997937
1575,0.1345437722138478
1576,0.13444033231531546
1577,0.13423060051020824
1578,0.1339972683155471
1579,0.13367517491338463
1580,0.13358298195362192
1581,0.1334690919056192
1582,0.13353478218095785
1583,0.13397816627628933
1584,0.13393915756599217
1585,0.1337574008126699
1586,0.1334961719903314
1587,0.132956246633053
1588,0.13263881804317557
1589,0.13229711244754844
1590,0.13217113611502224
1591,0.13216115354374564
1592,0.13217648358934567
1593,0.13238545349529285
1594,0.1324466997298505
1595,0.1325699152669004
1596,0.13247887990237894
1597,0.1322629909373427
1598,0.13203445754272547
1599,0.13154785184690457
1600,0.1312753662364749
1601,0.13112019565841526
1602,0.13087507316300453
1603,0.13075433858066604
1604,0.13045324177410214
1605,0.12989011595567584
1606,0.1296286998117051
1607,0.12940010252012063
1608,0.12923354695084463
1609,0.12926206164336773
1610,0.12928732971717385
1611,0.129294946117557
1612,0.12938739241020775
1613,0.12976179000542729
1614,0.12980738462899843
1615,0.12968116346702022
1616,0.12958751147484643
1617,0.1292225733789928
1618,0.1291081258587581
1619,0.12913917437126174
1620,0.12918639919156327
1621,0.1293403533903129
1622,0.12950685209376106
1623,0.12976841341533757
1624,0.12994794663899026
1625,0.13019494160862527
1626,0.13028251837423316
1627,0.1301366082413373
1628,0.1301567555661656
1629,0.1301019448490093
1630,0.13018797106612548
1631,0.1303951494267055
1632,0.13070398691042234
1633,0.13124603963889916
1634,0.13164877650613452
1635,0.13207883475464904
1636,0.1325065788341235
1637,0.1326828023456195
1638,0.13312337915399544
1639,0.13385699682676838
1640,0.13447936767169252
1641,0.13504253542076142
1642,0.135816769227336
1643,0.1368036379857378
1644,0.13756350603059986
1645,0.13841855385684398
1646,0.1391756336454848
1647,0.1395091571374282
1648,0.14006614482535326
1649,0.14080788066253727
1650,0.14151609653065775
1651,0.14213127851766927
1652,0.14306460271131358
1653,0.14381306749689046
1654,0.1444466645498953
1655,0.14545843340010595
1656,0.14658499555870522
1657,0.14782342248339322
1658,0.14940787782087073
1659,0.15063413871550457
1660,0.151805550625225
1661,0.15288085479738747
1662,0.15373326889183694
1663,0.15498663689419007
1664,0.15628116602091846
1665,0.15785004124664076
1666,0.15985818992491982
1667,0.1614096603123809
1668,0.1629293197485022
1669,0.16429866941660468
1670,0.16537836656487448
1671,0.16665017592764392
1672,0.1678406508106611
1673,0.16937486657046738
1674,0.1711178589341659
1675,0.17267611449810247
1676,0.1743916414628508
1677,0.17602543288534023
1678,0.17740635679004585
1679,0.17919445329486747
1680,0.18132270192992264
1681,0.18315133215384097
1682,0.18497683052136576
1683,0.1868054308104033
1684,0.18849460143633848
1685,0.19032296642488572
1686,0.1923258521657262
1687,0.19405004167069767
1688,0.19567852498899782
1689,0.19725117098860698
1690,0.19857664743311657
1691,0.20031219031759348
1692,0.2021891285387722
1693,0.20406396727134216
1694,0.2062000250211657
1695,0.2080504015686349
1696,0.2097795312959488
1697,0.21148258860327965
1698,0.21304267170718513
1699,0.21488589290145563
1700,0.21677735137870016
1701,0.21876658066239413
1702,0.22103116966020084
1703,0.2230073019377676
1704,0.2247881919985804
1705,0.22692484330827395
1706,0.22908836726060794
1707,0.23139278734318744
1708,0.2341060226503137
1709,0.2362726044553555
1710,0.23822381864423245
1711,0.24022871330074452
1712,0.24192485212137838
1713,0.24411836974566112
1714,0.24654556588758678
1715,0.24914952545439495
1716,0.2513266265722895
1717,0.2534314300267406
1718,0.255596195019426
1719,0.25737857552425275
1720,0.25950236554680306
1721,0.2615886185340267
1722,0.26361825419799756
1723,0.2659100477911794
1724,0.26806263293907495
1725,0.2704752546973151
1726,0.27303660071310576
1727,0.2757966620417431
1728,0.2788187061775778
1729,0.2814898329175753
1730,0.2841155997912173
1731,0.28658971582929893
1732,0.2889244352126975
1733,0.29135326085522645
1734,0.2940036748120309
1735,0.29691913738832776
1736,0.2996441723931251
1737,0.302716594944943
1738,0.30544999828311353
1739,0.30753347160457856
1740,0.3101582618287504
1741,0.31264648446270155
1742,0.3150133411587962
1743,0.31810963696183187
1744,0.3210581167314458
1745,0.3237012398337808
1746,0.32671273048503024
1747,0.3295025294474829
1748,0.33209620905193993
1749,0.3348681575995284
1750,0.3373361572991742
1751,0.33921242455807765
1752,0.3409294855745581
1753,0.3430880000746293
1754,0.3453105261881063
1755,0.34795850001328765
1756,0.3510464363747347
1757,0.35338470690074925
1758,0.35574915687442393
1759,0.3582146795140914
1760,0.36034764869335595
1761,0.3624501640808698
1762,0.36419683867389285
1763,0.36571482141272815
1764,0.3676412104604993
1765,0.3697661268844162
1766,0.3722406230015153
1767,0.3755732663256822
1768,0.37799666352628175
1769,0.38011092535091556
1770,0.382120737165952
1771,0.3831144105783392
1772,0.3851654574974276
1773,0.3880647135635269
1774,0.39056196803206406
1775,0.3932623395299595
1776,0.3957770552762748
1777,0.398421341462925
1778,0.40058587212593905
1779,0.40257892496563435
1780,0.4045871080442402
1781,0.40572425368932324
1782,0.40746632201655303
1783,0.40973326619409195
1784,0.4114271558528885
1785,0.4131136205211788
1786,0.41458497205600225
1787,0.4159166677748802
1788,0.4165237082263463
1789,0.41606646456030794
1790,0.4168708244123604
1791,0.4176103568475139
1792,0.4193189545565776
1793,0.42321481288105706
1794,0.42544902523243
1795,0.42713710061734445
1796,0.4286705408324434
1797,0.4290546502217004
1798,0.4294041818031472
1799,0.4304994574348845
1800,0.43179993178840637
1801,0.4305900977734351
1802,0.4341063885861973
1803,0.4358590504085184
1804,0.43620365607272693
1805,0.4374302688731589
1806,0.4382909052867918
1807,0.4396104157826258
1808,0.4407583987329213
1809,0.4422711777421914
1810,0.44349377593912015
1811,0.44458971715377915
1812,0.44543277513057555
1813,0.4459629323396079
1814,0.44769439767818253
1815,0.44813192120644346
1816,0.44567534426383243
1817,0.4442249498826173
1818,0.4436576192128829
1819,0.4435994014821643
1820,0.44495838249283676
1821,0.44692254335544246
1822,0.45112414588129496
1823,0.45265849458473023
1824,0.4545946369955629
1825,0.4553398506887352
1826,0.4535798169874624
1827,0.45293751680622224
1828,0.45601560707907357
1829,0.46719996478484077
1830,0.4745809301346722
1831,0.4875205464730072
1832,0.5058272057770761
1833,0.5049130466014986
1834,0.47015729900306014
1835,0.4428969628597757
1836,0.42848659588662086
1837,0.4131841057782348
1838,0.43050914781864374
1839,0.4451770427245112
1840,0.46494811243265416
1841,0.47413535719924493
1842,0.4776857562499007
1843,0.4996094229142864
1844,0.5052113977393801
1845,0.517123408317223
1846,0.5161194301600881
1847,0.5018154260998562
1848,0.5000390426683912
1849,0.4972651508098354
1850,0.5045724699885938
1851,0.5398230565556389
1852,0.5643376151433493
1853,0.5463790153695642
1854,0.5210128975958105
1855,0.4712506353632537
1856,0.44683394151631634
1857,0.46308130713418233
1858,0.4674204003455742
1859,0.46579358779353547
1860,0.4650737577319398
1861,0.46568120546229685
1862,0.4602665387644919
1863,0.4622745449649298
1864,0.46085015520329525
1865,0.4529958851036346
1866,0.4482022285204014
1867,0.4471062676737396
1868,0.4552999753466114
1869,0.4709283071897294
1870,0.4938263221387326
1871,0.539799872788334
1872,0.5826959576415128
1873,0.5875164037838988
1874,0.5931582423127183
1875,0.5712874077365887
1876,0.5340792240112432
1877,0.5214741351731429
1878,0.5028535579276993
1879,0.4893976703479392
1880,0.4863900829874313
1881,0.4864021444867458
1882,0.48551111240826134
1883,0.4949159419286248
1884,0.5016001171699227
1885,0.5030130011898927
1886,0.5069986866044432
1887,0.5050289035056243
1888,0.5006507693341332
1889,0.49795933822563176
1890,0.4944666624532667
1891,0.4925117071210204
1892,0.491322349395191
1893,0.4939146055657384
1894,0.496150976467998
1895,0.49350289376345563
1896,0.4931805757586137
1897,0.48788093089898255
1898,0.4776637518870907
1899,0.47684011797519205
1900,0.47324042899829194
1901,0.46940177275517825
1902,0.4671707640666684
1903,0.4702941488231033
1904,0.4620092815969777
1905,0.4621838532558018
1906,0.4704346401401436
1907,0.4748296461263826
1908,0.4920773902033419
1909,0.5154626317066845
1910,0.5225388782452747
1911,0.5220230103058683
1912,0.5279294731427684
1913,0.5149110037853198
1914,0.4909961368126144
1915,0.4682589108587998
1916,0.46285616249353606
1917,0.45136636366904975
1918,0.4482376710091937
1919,0.45646461349700124
1920,0.45898673889803604
1921,0.4600453424181001
1922,0.4621642210051519
1923,0.4641550394094876
1924,0.46692992235421954
1925,0.47159211679445356
1926,0.47413972881834104
1927,0.4757993197810566
1928,0.47983340016706394
1929,0.4777390282195802
1930,0.4761851048718896
1931,0.47569476002170735
1932,0.47433865010273396
1933,0.4721343514845078
1934,0.468238622225775
1935,0.4681141796383176
1936,0.46939667552970066
1937,0.4680942434684959
1938,0.47299119815726703
1939,0.47486166361935467
1940,0.4741607694770666
1941,0.4733075496044962
1942,0.4692790504386661
1943,0.47005785498410335
1944,0.4707698022391215
1945,0.47405741108075417
1946,0.47428810850047165
1947,0.4728447356052013
1948,0.4723756350332244
1949,0.4703599229097173
1950,0.4702894899302932
1951,0.471584909519007
1952,0.4746088087116181
1953,0.47411551912231303
1954,0.47255162785960664
1955,0.4716329018569394
1956,0.46860431941356123
1957,0.4684411952715272
1958,0.4713068955628778
1959,0.47185595055103685
1960,0.4727247481368017
1961,0.47238045577617194
1962,0.4714126843961393
1963,0.47194883828869266
1964,0.4735687011748462
1965,0.4760863572786492
1966,0.4760960176953459
1967,0.4747616759647435
1968,0.4746077706713054
1969,0.47379040934600136
1970,0.47351671711056464
1971,0.47432240582372787
1972,0.47458718884036105
1973,0.474624536674455
1974,0.4739992035622646
1975,0.4742526342679628
1976,0.47435204100748873
1977,0.4744355250597289
1978,0.4756167076203095
1979,0.47576617209307953
1980,0.47580930887321765
1981,0.47574450385851047
1982,0.4751336756685897
1983,0.47442634111553195
1984,0.4734870827351684
1985,0.4729596725923731
1986,0.4720478885520156
1987,0.4718773396968484
1988,0.4722831678867383
1989,0.472685398737173
1990,0.47339721477143637
1991,0.4749843311762328
1992,0.4753261903398835
1993,0.47522531204110885
1994,0.4753476302089599
1995,0.47493618007889365
1996,0.47448883592613406
1997,0.4738758334192018
1998,0.4735301282009056
1999,0.47407318309732466
2000,0.4732077577917104
2001,0.47166419161397505
2002,0.473975529347102
2003,0.47419054318846265
2004,0.471401943564338
2005,0.4693172416788712
2006,0.4688754723793529
2007,0.4661488610775063
2008,0.4619588432213204
2009,0.45977749137629603
2010,0.45742166265759393
2011,0.4563468317905445
2012,0.4595883542991174
2013,0.460610732593952
2014,0.46170746690880915
2015,0.46480809870364204
2016,0.4648849939877294
2017,0.4631693767803789
2018,0.4617754967831599
2019,0.4602387731320749
2020,0.45902621817392847
2021,0.45666710025674545
2022,0.45646725288003487
2023,0.45774719293665705
2024,0.4577244996479436
2025,0.4578480287644808
2026,0.4587292880802881
2027,0.45793322129454583
2028,0.4559419816946484
2029,0.454909432755437
2030,0.4536935362435438
2031,0.4525880155800017
2032,0.451445450540369
2033,0.4507268094390396
2034,0.45000152901643914
2035,0.4493770664058667
2036,0.4495923701361377
2037,0.4490426670073362
2038,0.4476921534210659
2039,0.4468008392968899
2040,0.4462197997652391
2041,0.4456075262008433
2042,0.44522593321369963
2043,0.445193605357496
2044,0.4452985641954752
2045,0.44530498567732213
2046,0.4455243517232054
2047,0.4468617811724882
2048,0.44731010270434646
2049,0.44740944777323977
2050,0.447336332678684
2051,0.4462533760606034
2052,0.4453910061710469
2053,0.44601792449370153
2054,0.44629771163974763
2055,0.44757989072864673
2056,0.4507943469598931
2057,0.4517628571150215
2058,0.4517482282323753
2059,0.45242982343687616
2060,0.4524159217373596
2061,0.45292660950672753
2062,0.4543346124231834
2063,0.4551433416230646
2064,0.45533704466239155
2065,0.45599102352497567
2066,0.45740779668855286
2067,0.45742051477761186
2068,0.45823893615079364
2069,0.4593878126972072
2070,0.4600838024537929
2071,0.46091342694165693
2072,0.461057830969988
2073,0.46063000808552645
2074,0.4605568147041922
2075,0.4599261987463704
2076,0.4600946250586072
2077,0.46101516012766874
2078,0.4613405481776009
2079,0.461651928382902
2080,0.4619665951596643
2081,0.46216147223001935
2082,0.4622513131515429
2083,0.46214228225277665
2084,0.4621776062400284
2085,0.4618318752326773
2086,0.46076484813244895
2087,0.460520811940643
2088,0.46053867863298015
2089,0.4604970258334749
2090,0.46094908834642767
2091,0.4609606327146677
2092,0.4609504980025627
2093,0.46059534165243615
2094,0.4596005590165747
2095,0.4590698098982416
2096,0.45862174694744506
2097,0.4580142131019392
2098,0.4576041252484836
2099,0.45760232881209056
2100,0.457295500337615
2101,0.45675483222772584
2102,0.4563943003263833
2103,0.45601867924763645
2104,0.4557935793157965
2105,0.4556962808459325
2106,0.4555650549695379
2107,0.45577233942269446
2108,0.4555509674658093
2109,0.45478975507462877
2110,0.4545218582787171
2111,0.4544178726204716
2112,0.4541489108622444
2113,0.45406989141854553
2114,0.4540699801571909
2115,0.4536709658738665
2116,0.45271335417582026
2117,0.4522534763025222
2118,0.45190587308045566
2119,0.4515141771714909
2120,0.4512806665883656
2121,0.45094809260987373
2122,0.45049349323323956
2123,0.45007517032330463
2124,0.4501486005870553
2125,0.44942522859176065
2126,0.44799529392142345
2127,0.4470136740489982
2128,0.4459721096209313
2129,0.44433340845944014
2130,0.4437147222258579
2131,0.44391443322505897
2132,0.4434135164161295
2133,0.44314317877395526
2134,0.44231529870548847
2135,0.44095212800423905
2136,0.43981601822310235
2137,0.43862653049798406
2138,0.43727521372466027
2139,0.4354519939635602
2140,0.43439954018135324
2141,0.4335275046201298
2142,0.4327593515919463
2143,0.4329669883898649
2144,0.43247480547485445
2145,0.4315287765807901
2146,0.4305636508794236
2147,0.42948299294219666
2148,0.42851501348020293
2149,0.4277812597117514
2150,0.42739915595463024
2151,0.42663511839623675
2152,0.4258346142890123
2153,0.4250046028503194
2154,0.42397203832094793
2155,0.4230840398098244
2156,0.42239677135489756
2157,0.42154928607459885
2158,0.4204039207308418
2159,0.4195838304498227
2160,0.41882186304261493
2161,0.41817320339353464
2162,0.4180110618854025
2163,0.4174993428412519
2164,0.4169676769997328
2165,0.41602436484289723
2166,0.41550639348780427
2167,0.41493135258249614
2168,0.41440871880437546
2169,0.41419414369309476
2170,0.4137961907006548
2171,0.41322926183556735
2172,0.4127683693302785
2173,0.4124312241031952
2174,0.411966888760416
2175,0.41124771176467867
2176,0.41083531807088725
2177,0.4106436952555776
2178,0.41030340061450926
2179,0.41025604064471255
2180,0.4098569172865585
2181,0.4091589860547984
2182,0.40842352257142095
2183,0.4074257015186176
2184,0.40635565513283045
2185,0.40595398891681095
2186,0.40545649646255993
2187,0.4051767475441764
2188,0.4054625221695303
2189,0.4051499282919918
2190,0.4045477443521832
2191,0.40415070074630355
2192,0.40344863078395776
2193,0.4032935985085304
2194,0.4035960938035945
2195,0.40361193000118345
2196,0.4038321955569926
2197,0.40392107139158356
2198,0.4038073832240128
2199,0.40370907105370685
2200,0.40378185879375134
2201,0.40358653630159075
2202,0.4029741000025336
2203,0.4026097639106686
2204,0.4022355288501748
2205,0.4019996569621245
2206,0.4015977299523424
2207,0.401592259970167
2208,0.401272922091719
2209,0.4006544569796814
2210,0.40050637343273854
2211,0.4006500236426087
2212,0.4004802944955964
2213,0.400593432009689
2214,0.4001101283343527
2215,0.3989252276324015
2216,0.3982399808050436
2217,0.39734466430829324
2218,0.39689754995088955
2219,0.39699268101698193
2220,0.39682510649856234
2221,0.39684469977071996
2222,0.39665311341311005
2223,0.396322668609034
2224,0.39594051065739616
2225,0.3953994353501233
2226,0.3948817431091401
2227,0.3947392249341984
2228,0.3938658129232771
2229,0.3925269665857788
2230,0.39094504940255614
2231,0.38929085574685635
2232,0.3868992300868429
2233,0.38523724476026244
2234,0.3836915379271025
2235,0.3826926418796257
2236,0.3822054503292424
2237,0.38129556240285345
2238,0.38092308823073695
2239,0.3799676677273149
2240,0.37851204781128117
2241,0.3770664355423643
2242,0.3755124875706069
2243,0.37371907323834574
2244,0.3715353107476485
2245,0.36946567239633454
2246,0.3677816001787752
2247,0.36527296219561967
2248,0.3620822376570126
2249,0.35917851380216054
2250,0.35562712014635744
2251,0.3524044302049461
2252,0.349859263427488
2253,0.3469501680425057
2254,0.3430292861448776
2255,0.3393415774345476
2256,0.3356422790624941
2257,0.3314444042309214
2258,0.32733340818232837
2259,0.3233131164585612
2260,0.31934784847588077
2261,0.3151831268899228
2262,0.31111653438589454
2263,0.3073094577626596
2264,0.30360813087388877
2265,0.2995514033712691
2266,0.296116912788675
2267,0.2934463775326978
2268,0.29035227642752687
2269,0.28706593938035085
2270,0.28449792494046283
2271,0.282288979297439
2272,0.2800146698744685
2273,0.2783440122117875
2274,0.2762966117762682
2275,0.2733944130282742
2276,0.2715249380882638
2277,0.27018326317127905
2278,0.2690681209559453
2279,0.26870464145279155
2280,0.2683242170491015
2281,0.26774449066207273
2282,0.2680497818655772
2283,0.26836238507918614
2284,0.2686360561184093
2285,0.2688062860598102
2286,0.26845291563426066
2287,0.26880042247444863
2288,0.2688013263496792
2289,0.26841773312717976
2290,0.26810253932121325
2291,0.2673501564466329
2292,0.26564388478136297
2293,0.2646246743959549
2294,0.26367874570896577
2295,0.26305205389743447
2296,0.2628899240319108
2297,0.26234831538629216
2298,0.26214221640259205
2299,0.26125808481074003
2300,0.2603472595930474
2301,0.25836080673578926
2302,0.255300917289982
2303,0.2526493741201558
2304,0.24846471817058532
2305,0.24611929965507962
2306,0.24522062537919864
2307,0.24404004601187726
2308,0.2435935769352147
2309,0.24305148751073058
2310,0.24209865776488856
2311,0.24175907685668424
2312,0.24215323859240048
2313,0.2424536690318902
2314,0.24285723171683757
2315,0.2433435670349104
2316,0.24489339131358218
2317,0.2468529988517343
2318,0.24963686711118016
2319,0.2526174553763849
2320,0.25492299768546095
2321,0.2568090015102302
2322,0.25743890913539896
2323,0.2584722759955143
2324,0.2599108069395814
2325,0.2604073449813804
2326,0.26273931249086757
2327,0.26472548081397634
2328,0.26596367355348866
2329,0.26687910135056303
2330,0.26791433333477904
2331,0.26886603882874693
2332,0.26904457489860256
2333,0.2686070208179881
2334,0.26877067553002165
2335,0.2686894095558871
2336,0.2676508133122724
2337,0.26655061186901025
2338,0.2657282247762474
2339,0.26346572957396047
2340,0.2623799875507943
2341,0.2631296229406601
2342,0.26263401481719717
2343,0.26116187665204743
2344,0.26076772925691794
2345,0.26105389496403525
2346,0.2605026835999169
2347,0.25997880866119577
2348,0.2589995830892379
2349,0.2567754972823396
2350,0.2556299975449327
2351,0.2555878434413906
2352,0.2548462820667076
2353,0.2540714753960052
2354,0.25324926484897586
2355,0.25100603272181765
2356,0.25062213987122056
2357,0.2512914044853141
2358,0.252434158245725
2359,0.25550479643878754
2360,0.25712519097246994
2361,0.2587347852145269
2362,0.2594576752155571
2363,0.25781172413398323
2364,0.25925571182982493
2365,0.2603465939484834
2366,0.2614288387997312
2367,0.26399338901680497
2368,0.2640617284648532
2369,0.26480581456788377
2370,0.2643961987901966
2371,0.2636936727575051
2372,0.26516500457235426
2373,0.26482461771036225
2374,0.26567613189486017
2375,0.2676072318727169
2376,0.2687292924314475
2377,0.2709637037341094
2378,0.27328722096907376
2379,0.2743160705103819
2380,0.2747379320227404
2381,0.27432713731641606
2382,0.274185570448553
2383,0.2756469044565106
2384,0.27749053563242754
2385,0.2784626488842311
2386,0.2792076493034786
2387,0.2797321204122316
2388,0.278900735691354
2389,0.27773263071543075
2390,0.27724906806439203
2391,0.27562477688736
2392,0.27522250358066724
2393,0.2782120516403537
2394,0.28079951643072143
2395,0.2816525924929939
2396,0.2804399386832715
2397,0.2785586817838058
2398,0.2774565393051081
2399,0.2788282134386072
2400,0.2805267361423463
2401,0.2793131430388172
2402,0.27739737703350104
2403,0.27549247152970646
2404,0.2741454314286824
2405,0.272558616726997
2406,0.27149540674546657
2407,0.27217048806411415
2408,0.2718305124384615
2409,0.27486216964874904
2410,0.2833529455812155
2411,0.2866259588549575
2412,0.2904665476847414
2413,0.2912445496995652
2414,0.287388529803218
2415,0.28604968816030696
2416,0.283554452260135
2417,0.2816315566208419
2418,0.28069718065416926
2419,0.2785103688686199
2420,0.27452006777641336
2421,0.2750979665674055
2422,0.2779029122906903
2423,0.2790761339417386
2424,0.28284007425513097
2425,0.2831020221613192
2426,0.28081476159218516
2427,0.2796279993862557
2428,0.2778892972465123
2429,0.2774613998402776
2430,0.27617033325186996
2431,0.27669492692108333
2432,0.2793881947672243
2433,0.2818055060142747
2434,0.28758661816015574
2435,0.2880030010293998
2436,0.2841887657537125
2437,0.28377638035209324
2438,0.2818727147293455
2439,0.27833313618226274
2440,0.27609411397914413
2441,0.27708962611100485
2442,0.27542060285543496
2443,0.27791974900270455
2444,0.28913686601763977
2445,0.29090749508523245
2446,0.2947107449442172
2447,0.29621123758019674
2448,0.29322993340406395
2449,0.2890693353051976
2450,0.2897072140901697
2451,0.29220662179631196
2452,0.2863538188606548
2453,0.28609195911172114
2454,0.2779186810690542
2455,0.2679796273602051
2456,0.26783822430559223
2457,0.2657637424979097
2458,0.2681936257254624
2459,0.2707581401692244
2460,0.2744557639165547
2461,0.2774199393051458
2462,0.27158079704216126
2463,0.2669544531439866
2464,0.2650562657212334
2465,0.26087711639109135
2466,0.25990159600159746
2467,0.2627152914686082
2468,0.2682805629734655
2469,0.274242663893954
2470,0.2806456124648319
2471,0.2892739089847993
2472,0.28667321499070947
2473,0.2899291396550696
2474,0.30032287246823053
2475,0.303589322846304
2476,0.30570226211921014
2477,0.29467017343000457
2478,0.282387244367977
2479,0.2674769803600986
2480,0.253898315543403
2481,0.258428722839879
2482,0.2654375395770387
2483,0.2785712591075685
2484,0.28904946731869774
2485,0.2958906126738562
2486,0.3041275497359896
2487,0.30396239832297206
2488,0.31713389414466053
2489,0.3185128607526842
2490,0.3035988729016143
2491,0.32022490850596436
2492,0.3322120570714173
2493,0.3253476589346676
2494,0.3488087035226071
2495,0.34091867126798847
2496,0.30916488185653707
2497,0.32000669245754415
2498,0.3193888878604248
2499,0.32164159202578513
2500,0.3266824338771536
